"biomass","leafarea","leafmass","LMF","volume","carbon_day"
26.1938083632268,0.0606188219538535,6.39010504037096,0.243954790833011,"5",4.52446544815303
43.7424199528846,0.0853936089567308,8.92625063019582,0.204063941588289,"10",7.12574908967881
37.7304848406081,0.100645060065796,9.38942538982044,0.24885514801853,"15",5.39955653333686
58.9995621238003,0.126307438327205,13.3146878334755,0.225674350015293,"20",7.88402990008578
31.8632496380904,0.0864349795705134,8.63448576637174,0.270985723818006,"25",4.91326454333536
63.5312106112693,0.159980127661961,15.0124717740647,0.236300735176008,"35",7.20131218570537
43.8905049223919,0.160639406833054,13.0281939195386,0.296833995019544,"1000",5.04400285393165
