"biomass","leafarea","leafmass","LMF","fr_alloc","change","Cday"
43.7861628513452,0.152867937025381,14.9071290942295,0.340452967866571,0.105571249678828,"-50",4.77252855117438
31.6627939001093,0.0961412999147773,9.37535232701323,0.296099970097107,0.316713749036485,"+50",4.77252855117438
92.1994047929538,0.304426794986248,29.6866015261857,0.321982572369647,0.105571249678828,"-50",6.89866435722435
57.2917213135576,0.157079634653011,15.3178386351747,0.267365655699891,0.316713749036485,"+50",6.89866435722435
