"volume","carbon_day"
"5",5.43127470902435
"10",5.78092114313674
"15",6.45994864865096
"20",6.58253582927125
"25",6.58977983750339
"35",6.40131488423851
"1000",7.62413774653894
