"volume","carbon_day"
"5",4.77252855117438
"10",4.92051453808438
"15",5.88448409757212
"20",5.97918438846939
"25",6.10929390003687
"35",5.65641182967515
"1000",6.89866435722435
