"volume","carbon_day"
"5",5.95709860246594
"10",6.47227700489944
"15",6.9463018890745
"20",7.08587698032986
"25",7.01116988562078
"35",6.88692115055251
"1000",8.28590274933784
