"volume","Seedling mass","Seedling mass_se","Amax","Amax_se","SLA"," SLA_se","Starch mg/g","Starch_mg/g_se","Soluble Sugars mg/g","Soluble Sugars mg/g_se","Nleaf_mass","Nleaf_mass_se","Rd_mass","Rd_mass_se"
5,14.8350120657235,1.81989852294805,21.216755126619,0.899260172927456,0.00951608006757508,0.000226178925424929,127.345330282432,9.67600707029173,64.3261495154054,2.79718746359983,0.00188797297297297,0.000140935242122763,-2.84265394935739,0.301859102167889
10,20.0380129996545,2.38235442378587,22.3393287325833,1.3701232582025,0.00980510274198739,0.000241301346781001,93.9399685827805,7.4646524676597,67.1634270453659,2.54563141574611,0.00237451219512195,0.000134384414574118,-2.67742290492541,0.375157178254524
15,25.4297740700205,2.48998015544882,23.2617608066429,1.17229091079727,0.0109500499663831,0.000467686873556024,72.5062917395,7.25774344308839,72.3388593236111,2.84453687282574,0.00272541666666667,0.000158939113704209,-1.41752539794502,0.117258858040288
20,23.4278649871943,1.63459035882233,26.1248024363,0.718961913706097,0.00983396458319365,0.000277262519672117,94.6575122755,8.79960901233875,65.850010866,2.63654519049576,0.002789875,0.000185993648869718,-1.7389671844099,0.123883349445457
25,30.438898493811,5.48673777925524,23.9412371285714,0.913136395823485,0.0103862964840966,0.000367144587990662,98.274383791275,7.13925903052525,69.0161957985,2.42301828509482,0.002825125,0.000210083277710812,-1.23605581591057,0.14250964747708
35,52.2340436120822,9.55223941932571,24.9803184779048,1.01172840634534,0.0113226014766709,0.000435744720503938,98.0297466494878,6.49115268432719,68.4763516639024,2.15719451675011,0.0035140243902439,0.000197414941510184,-1.51629234736194,0.179416095690899
1000,174.531048572646,18.0220953597459,33.1469543631191,0.729060320205188,0.0129699048356349,0.000442500021487915,68.1178870443333,6.45453327713176,73.9137923219048,2.53177284645138,0.00636238095238095,0.000346150148941932,-1.25405234741373,0.120072940610259
