"leglab","paste0.signif.pve_means...1...3.........signif.pve_se...1...3...","paste0.signif.pve_means...2...3.........signif.pve_se...2...2...","paste0.signif.pve_means...3...5.........signif.pve_se...3...5...","paste0.signif.pve_means...4...3.........signif.pve_se...4...3...","paste0.signif.pve_means...5...3.........signif.pve_se...5...3...","paste0.signif.pve_means...6...5.........signif.pve_se...6...5...","paste0.signif.pve_means...7...5.........signif.pve_se...7...5..."
"5","14.8 (1.82)","14 (0.83)","0.39092 (0.054721)","0.00952 (0.000226)","0.127 (0.00968)","0.064326 (0.0027972)","0.001888 (0.00014094)"
"10","20 (2.38)","15.4 (1)","0.34214 (0.058282)","0.00981 (0.000241)","0.0939 (0.00746)","0.067163 (0.0025456)","0.0023745 (0.00013438)"
"15","25.4 (2.49)","16.9 (0.86)","0.37578 (0.04635)","0.011 (0.000468)","0.0725 (0.00726)","0.072339 (0.0028445)","0.0027254 (0.00015894)"
"20","23.4 (1.63)","17.4 (0.54)","0.45279 (0.055042)","0.00983 (0.000277)","0.0947 (0.0088)","0.06585 (0.0026365)","0.0027899 (0.00018599)"
"25","30.4 (5.49)","15.6 (0.49)","0.46975 (0.071012)","0.0104 (0.000367)","0.0983 (0.00714)","0.069016 (0.002423)","0.0028251 (0.00021008)"
"35","52.2 (9.55)","16 (0.61)","0.50636 (0.11611)","0.0113 (0.000436)","0.098 (0.00649)","0.068476 (0.0021572)","0.003514 (0.00019741)"
"Free","175 (18)","21.4 (0.32)","0.43671 (0.062412)","0.013 (0.000443)","0.0681 (0.00645)","0.073914 (0.0025318)","0.0063624 (0.00034615)"
