"volume","M"
"5",0.806625203661284
"10",0.874877892091835
"15",0.860854625586552
"20",0.825114188740969
"25",0.837292213826833
"35",0.853444440856099
"1000",0.840937709063933
