"volume","q10","rd12.3"
5,3.68213962508302,0.3538123417
10,2.95018927654764,0.4634792242
15,4.00801543413535,0.325574131371429
20,3.80874170194428,0.336821475828571
25,4.41956114111442,0.281635834033333
35,3.99672247354961,0.324767042771429
1000,3.1021600940303,0.443782048058824
