"volume","rootlengthdensity2.mean","rootlengthdensity2.se"
"5","1.07376873333333","0.110255966242529"
"10","0.566435085714286","0.0560130333089261"
"15","0.349294895238095","0.0322642593256431"
"20","0.304910814285714","0.0193281215196423"
"25","0.231362971428571","0.0101559897872929"
"35","0.155984704761905","0.0142355877111821"
"1000","",""
