"volume","SRL2.mean","SRL2.se"
"5",72.97128272725,6.72677951045622
"10",84.1420980701956,4.84562354528225
"15",74.6489925892147,6.98129172918084
"20",72.2157758438659,6.83945344084831
"25",60.3386690992687,6.70495240013176
"35",56.8604177795485,2.11215945515473
"1000",50.8985490288392,5.00449807238091
